Product_Range,Product_Number,Product_Description,Product Dimensions,FY,Revenue,Cost of Sales,Qty,Margin,Price per unit
19,19546,FP200 Fire-Resistant Cable,5 km x 46 mm,2021,2070324,-1713330,70683,356994,29.29
19,19860,FP200 Fire-Resistant Cable,8 km x 60 mm,2021,2359453,-1970010,101768,389443,23.18
19,19723,FP200 Fire-Resistant Cable,7 km x 23 mm,2021,1726077,-1405665,98012,320412,17.61
19,19879,FP200 Fire-Resistant Cable,8 km x 79 mm,2021,1831719,-1537554,41730,294165,43.89
19,19789,FP200 Fire-Resistant Cable,7 km x 89 mm,2021,1914422,-1533997,352856,380425,5.43
19,19459,FP200 Fire-Resistant Cable,4 km x 59 mm,2021,1538853,-1281496,42167,257357,36.49
19,19857,FP200 Fire-Resistant Cable,8 km x 57 mm,2021,1825803,-1470962,105409,354841,17.32
19,19471,FP200 Fire-Resistant Cable,4 km x 71 mm,2021,1717186,-1438018,30040,279168,57.16
19,19460,FP200 Fire-Resistant Cable,4 km x 60 mm,2021,1545972,-1231470,65805,314502,23.49
19,19442,FP200 Fire-Resistant Cable,4 km x 42 mm,2021,1668704,-1367402,182124,301301,9.16
19,19533,FP200 Fire-Resistant Cable,5 km x 33 mm,2021,1745603,-1423305,320596,322298,5.44
55,55771,H07RN-F Heavy-Duty Rubber Cable,7 km x 71 mm,2021,2792274,-2428652,6297352,363622,0.44
19,19366,FP200 Fire-Resistant Cable,3 km x 66 mm,2021,1217774,-989077,41323,228697,29.47
19,19971,FP200 Fire-Resistant Cable,9 km x 71 mm,2021,1373595,-1114498,112422,259097,12.22
19,19967,FP200 Fire-Resistant Cable,9 km x 67 mm,2021,1531402,-1229880,226920,301522,6.75
19,19156,FP200 Fire-Resistant Cable,1 km x 56 mm,2021,966438,-769107,25974,197331,37.21
19,19905,FP200 Fire-Resistant Cable,9 km x 05 mm,2021,1142258,-913921,93930,228336,12.16
19,19282,FP200 Fire-Resistant Cable,2 km x 82 mm,2021,856604,-652915,93931,203689,9.12
19,19584,FP200 Fire-Resistant Cable,5 km x 84 mm,2021,1239053,-1009116,181772,229937,6.82
19,19413,FP200 Fire-Resistant Cable,4 km x 13 mm,2021,1429847,-1147219,155997,282628,9.17
83,83216,Profibus Cable,2 km x 16 mm,2021,1161560,-841150,291139,320411,3.99
19,19376,FP200 Fire-Resistant Cable,3 km x 76 mm,2021,884085,-719280,19769,164805,44.72
83,83167,Profibus Cable,1 km x 67 mm,2021,1815280,-1302065,467182,513215,3.89
19,19426,FP200 Fire-Resistant Cable,4 km x 26 mm,2021,1014808,-838943,17732,175865,57.23
30,30439,PUR Sheathed Flexible Cable,4 km x 39 mm,2021,0,0,0,0,0
19,19793,FP200 Fire-Resistant Cable,7 km x 93 mm,2021,726822,-556305,60144,170517,12.08
83,83652,Profibus Cable,6 km x 52 mm,2021,1610252,-1154697,603997,455556,2.67
19,19061,FP200 Fire-Resistant Cable,6 km x 61 mm,2021,477481,-390029,31565,87452,15.13
19,19521,FP200 Fire-Resistant Cable,5 km x 21 mm,2021,753357,-583197,82266,170160,9.16
19,19240,FP200 Fire-Resistant Cable,2 km x 40 mm,2021,800113,-619567,64599,180546,12.39
55,55468,H07RN-F Heavy-Duty Rubber Cable,4 km x 68 mm,2021,764753,-629592,2308620,135161,0.33
19,19104,FP200 Fire-Resistant Cable,1 km x 04 mm,2021,522613,-439142,13835,83471,37.77
19,19080,FP200 Fire-Resistant Cable,8 km x 80 mm,2021,548421,-456476,7801,91945,70.3
69,69609,Marine Power Cable,6 km x 09 mm,2021,701922,-564046,1505038,137876,0.47
69,69500,Marine Power Cable,5 km x 00 mm,2021,972393,-761493,363139,210901,2.68
83,83561,Profibus Cable,5 km x 61 mm,2021,1728867,-1239049,1036116,489819,1.67
83,83920,Profibus Cable,9 km x 20 mm,2021,786881,-565532,155123,221350,5.07
88,88933,XLPE/SWA/PVC Power Cable,9 km x 33 mm,2021,381471,-291092,87657,90379,4.35
83,83041,Profibus Cable,4 km x 41 mm,2021,925410,-661755,525505,263655,1.76
83,83873,Profibus Cable,8 km x 73 mm,2021,635634,-453751,121526,181883,5.23
83,83725,Profibus Cable,7 km x 25 mm,2021,845556,-600746,302299,244810,2.8
19,19237,FP200 Fire-Resistant Cable,2 km x 37 mm,2021,521086,-415902,27735,105184,18.79
19,19224,FP200 Fire-Resistant Cable,2 km x 24 mm,2021,347878,-264759,14932,83119,23.3
19,19815,FP200 Fire-Resistant Cable,8 km x 15 mm,2021,0,0,0,0,0
83,83415,Profibus Cable,4 km x 15 mm,2021,755034,-547655,576694,207379,1.31
42,42500,Individually Screened Instrumentation Cable,5 km x 00 mm,2021,240725,-183185,77138,57540,3.12
19,19762,FP200 Fire-Resistant Cable,7 km x 62 mm,2021,338089,-255447,7994,82642,42.29
83,83548,Profibus Cable,5 km x 48 mm,2021,214240,-143775,32014,70465,6.69
19,19269,FP200 Fire-Resistant Cable,2 km x 69 mm,2021,363045,-276309,21899,86736,16.58
19,19500,FP200 Fire-Resistant Cable,5 km x 00 mm,2021,223113,-190688,9214,32425,24.21
83,83143,Profibus Cable,1 km x 43 mm,2021,274180,-185608,39567,88572,6.93
55,55792,H07RN-F Heavy-Duty Rubber Cable,7 km x 92 mm,2021,1495289,-1294463,3347145,200826,0.45
19,19377,FP200 Fire-Resistant Cable,3 km x 77 mm,2021,372229,-282725,15709,89504,23.7
19,19213,FP200 Fire-Resistant Cable,2 km x 13 mm,2021,438875,-339697,26002,99178,16.88
88,88274,XLPE/SWA/PVC Power Cable,2 km x 74 mm,2021,503058,-362930,157379,140128,3.2
19,19013,FP200 Fire-Resistant Cable,1 km x 13 mm,2021,350030,-262772,6719,87259,52.1
83,83602,Profibus Cable,6 km x 02 mm,2021,405081,-300679,138979,104402,2.91
19,19467,FP200 Fire-Resistant Cable,4 km x 67 mm,2021,304104,-230335,9245,73768,32.89
83,83629,Profibus Cable,6 km x 29 mm,2021,1026262,-745741,846151,280522,1.21
83,83569,Profibus Cable,5 km x 69 mm,2021,527659,-376402,542764,151257,0.97
83,83829,Profibus Cable,8 km x 29 mm,2021,1111462,-800187,1270547,311275,0.87
19,19432,FP200 Fire-Resistant Cable,4 km x 32 mm,2021,255576,-208412,22097,47163,11.57
83,83505,Profibus Cable,5 km x 05 mm,2021,122597,-90462,43438,32135,2.82
69,69878,Marine Power Cable,8 km x 78 mm,2021,380845,-273937,84558,106908,4.5
19,19734,FP200 Fire-Resistant Cable,7 km x 34 mm,2021,455086,-359696,63474,95390,7.17
83,83380,Profibus Cable,3 km x 80 mm,2021,377684,-267127,106854,110557,3.53
83,83639,Profibus Cable,6 km x 39 mm,2021,500509,-357104,149449,143405,3.35
83,83909,Profibus Cable,9 km x 09 mm,2021,184490,-122640,39411,61850,4.68
83,83834,Profibus Cable,8 km x 34 mm,2021,478685,-326751,69847,151934,6.85
27,27500,Industrial Ethernet Cable,5 km x 00 mm,2021,261911,-211330,124035,50581,2.11
88,88267,XLPE/SWA/PVC Power Cable,2 km x 67 mm,2021,296246,-213915,173474,82331,1.71
19,19681,FP200 Fire-Resistant Cable,6 km x 81 mm,2021,286609,-231377,3996,55232,71.72
83,83149,Profibus Cable,1 km x 49 mm,2021,83892,-59197,19500,24695,4.3
19,19158,FP200 Fire-Resistant Cable,1 km x 58 mm,2021,132579,-99276,2048,33303,64.74
83,83511,Profibus Cable,5 km x 11 mm,2021,49799,-34666,6707,15133,7.42
83,83400,Profibus Cable,4 km x 00 mm,2021,406220,-288557,181990,117664,2.23
19,19560,FP200 Fire-Resistant Cable,5 km x 60 mm,2021,252515,-198419,6617,54096,38.16
83,83199,Profibus Cable,1 km x 99 mm,2021,320055,-231677,136068,88378,2.35
88,88601,XLPE/SWA/PVC Power Cable,6 km x 01 mm,2021,312408,-234552,40902,77857,7.64
69,69381,Marine Power Cable,3 km x 81 mm,2021,393841,-315485,1273938,78356,0.31
83,83712,Profibus Cable,7 km x 12 mm,2021,158195,-106803,53629,51392,2.95
69,69840,Marine Power Cable,8 km x 40 mm,2021,353897,-278097,510150,75800,0.69
88,88731,XLPE/SWA/PVC Power Cable,7 km x 31 mm,2021,303322,-229729,49490,73593,6.13
19,19166,FP200 Fire-Resistant Cable,1 km x 66 mm,2021,236037,-179348,7456,56689,31.66
83,83765,Profibus Cable,7 km x 65 mm,2021,149605,-103493,35763,46112,4.18
83,83447,Profibus Cable,4 km x 47 mm,2021,66461,-44728,2078,21733,31.98
88,88333,XLPE/SWA/PVC Power Cable,3 km x 33 mm,2021,321667,-240388,141393,81279,2.27
19,19827,FP200 Fire-Resistant Cable,8 km x 27 mm,2021,351883,-275990,92008,75893,3.82
19,19311,FP200 Fire-Resistant Cable,3 km x 11 mm,2021,273277,-221824,37383,51453,7.31
30,30548,PUR Sheathed Flexible Cable,5 km x 48 mm,2021,0,0,0,0,0
31,31124,BS 5308 Armoured Instrumentation Cable,1 km x 24 mm,2021,0,0,0,0,0
69,69532,Marine Power Cable,5 km x 32 mm,2021,257312,-177294,32300,80018,7.97
19,19029,FP200 Fire-Resistant Cable,2 km x 29 mm,2021,262031,-220061,14514,41970,18.05
83,83601,Profibus Cable,6 km x 01 mm,2021,76802,-53029,41600,23774,1.85
88,88818,XLPE/SWA/PVC Power Cable,8 km x 18 mm,2021,343299,-251265,309604,92034,1.11
36,36423,Enhanced Fire-Resistant Control Cable,4 km x 23 mm,2021,159795,-113598,413945,46197,0.39
83,83063,Profibus Cable,6 km x 63 mm,2021,277553,-191665,64582,85888,4.3
19,19895,FP200 Fire-Resistant Cable,8 km x 95 mm,2021,176548,-141401,7641,35146,23.11
19,19612,FP200 Fire-Resistant Cable,6 km x 12 mm,2021,262380,-218074,11575,44305,22.67
55,55987,H07RN-F Heavy-Duty Rubber Cable,9 km x 87 mm,2021,343528,-282312,1024760,61216,0.34
